交易 #,类型,日期和时间,信号,价格 USDT,仓位大小（数量）,仓位大小（价值）,净损益 USDT,净损益 %,有利波动 USDT,有利波动 %,不利波动 USDT,不利波动 %,累计P&L USDT,累计P&L %
1,多头出场,2026-07-06 00:00,趋出,1774.66,278.7883,499820.0279,-5423.63,-1.08,650.85,0.13,-12457.77,-2.49,-5423.63,-0.54
1,多头进场,2026-07-05 04:00,趋进,1792.83,278.7883,499820.0279,-5423.63,-1.08,650.85,0.13,-12457.77,-2.49,-5423.63,-0.54
2,多头出场,2026-07-13 16:00,趋出,1787.58,276.2393,497109.1947,-3666.07,-0.74,12649.59,2.54,-23968.69,-4.82,-9089.7,-0.91
2,多头进场,2026-07-07 08:00,趋进,1799.56,276.2393,497109.1947,-3666.07,-0.74,12649.59,2.54,-23968.69,-4.82,-9089.7,-0.91
3,多头出场,2026-07-17 08:00,趋出,1864.71,278.0564,495276.8402,22852.75,4.61,45787.2,9.24,-792.8,-0.16,13763.05,1.38
3,多头进场,2026-07-14 16:00,趋进,1781.21,278.0564,495276.8402,22852.75,4.61,45787.2,9.24,-792.8,-0.16,13763.05,1.38
4,多头出场,2026-07-23 12:00,趋出,1920.56,272.0269,506699.0661,15374.43,3.03,25325.55,5.00,-2638.81,-0.52,29137.47,2.91
4,多头进场,2026-07-20 22:00,趋进,1862.68,272.0269,506699.0661,15374.43,3.03,25325.55,5.00,-2638.81,-0.52,29137.47,2.91
5,多头出场,2026-07-29 12:00,趋止损,1891.96,267.8441,514568.74,-7821.44,-1.52,1903.90,0.37,-8336.01,-1.62,21316.03,2.1316
5,多头进场,2026-07-29 08:00,趋进,1921.15,267.8441,514568.74,-7821.44,-1.52,1903.90,0.37,-8336.01,-1.62,21316.03,2.1316
6,多头出场,2026-07-31 16:00,趋止损,1889.10,267.4723,510658.02,-5361.91,-1.05,7251.34,1.42,-6996.01,-1.37,15954.12,1.5954
6,多头进场,2026-07-30 12:00,趋进,1909.20,267.4723,510658.02,-5361.91,-1.05,7251.34,1.42,-6996.01,-1.37,15954.12,1.5954
7,多头出场,2026-08-09 12:00,趋出,1913.28,264.9661,507977.06,-1015.95,-0.20,2285.90,0.45,-3809.83,-0.75,14938.17,1.4938
7,多头进场,2026-08-08 00:00,趋进,1917.14,264.9661,507977.06,-1015.95,-0.20,2285.90,0.45,-3809.83,-0.75,14938.17,1.4938
8,多头出场,2026-08-13 18:00,趋止损,1889.00,267.8573,507469.09,-1471.66,-0.29,405.98,0.08,-3755.27,-0.74,13466.51,1.3467
8,多头进场,2026-08-13 16:00,趋进,1894.55,267.8573,507469.09,-1471.66,-0.29,405.98,0.08,-3755.27,-0.74,13466.51,1.3467
9,多头出场,2026-08-23 04:00,趋出,2438.22,212.5424,403847.56,114377.57,28.32,137994.49,34.17,-3251.78,-0.81,127844.08,12.7844
9,多头进场,2026-08-17 12:00,趋进,1900.08,212.5424,403847.56,114377.57,28.32,137994.49,34.17,-3251.78,-0.81,127844.08,12.7844
10,多头出场,2026-08-31 10:00,开盘价,2413.50,260.8537,650249.4592,-20685.70,-3.18,19162.98,2.95,-27858.89,-4.28,107158.38,10.7158
10,多头进场,2026-08-24 22:00,趋进,2492.80,260.8537,650249.4592,-20685.70,-3.18,19162.98,2.95,-27858.89,-4.28,107158.38,10.7158
11,多头出场,2026-09-02 02:00,趋止损,2417.72,229.6404,568148.82,-12953.79,-2.28,3579.34,0.63,-13578.76,-2.39,94204.59,9.4205
11,多头进场,2026-09-01 02:00,趋进,2474.08,229.6404,568148.82,-12953.79,-2.28,3579.34,0.63,-13578.76,-2.39,94204.59,9.4205
12,多头出场,2026-09-08 04:00,趋出,2494.99,225.7524,561671.925,1572.68,0.28,11008.77,1.96,-6908.56,-1.23,95777.27,9.5777
12,多头进场,2026-09-06 06:00,趋进,2488.0,225.7524,561671.925,1572.68,0.28,11008.77,1.96,-6908.56,-1.23,95777.27,9.5777
13,多头出场,2026-09-10 04:00,趋止损,2464.15,226.0684,562458.265,-5399.6,-0.96,7930.66,1.41,-6018.3,-1.07,90377.67,9.0378
13,多头进场,2026-09-09 12:00,趋进,2488.0,226.0684,562458.265,-5399.6,-0.96,7930.66,1.41,-6018.3,-1.07,90377.67,9.0378
14,多头出场,2026-09-15 16:00,趋止损,2472.90,216.1012,545188.835,-10794.74,-1.98,20008.43,3.67,-12593.86,-2.31,79582.93,7.9583
14,多头进场,2026-09-14 18:00,趋进,2522.84,216.1012,545188.835,-10794.74,-1.98,20008.43,3.67,-12593.86,-2.31,79582.93,7.9583
